<?xml version="1.0" encoding="UTF-8"?><MD_Metadata xmlns:gts="http://www.isotc211.org/2005/gts" xmlns:gco="http://www.isotc211.org/2005/gco" xmlns:xalan="http://xml.apache.org/xalan" xmlns:srv="http://www.isotc211.org/2005/srv" xmlns:gmx="http://www.isotc211.org/2005/gmx" xmlns:xlink="http://www.w3.org/1999/xlink" xmlns:xsi="http://www.w3.org/2001/XMLSchema-instance" xmlns:gml="http://www.opengis.net/gml" xmlns="http://www.isotc211.org/2005/gmd">
    <characterSet>
        <MD_CharacterSetCode codeList="http://www.isotc211.org/2005/resources/Codelist/gmxCodelists.xml#MD_CharacterSetCode" codeListValue="utf8" codeSpace="ISOTC211/19115">utf8</MD_CharacterSetCode>
    </characterSet>
    <hierarchyLevel>
        <MD_ScopeCode codeList="http://www.isotc211.org/2005/resources/Codelist/gmxCodelists.xml#MD_ScopeCode" codeListValue="dataset" codeSpace="ISOTC211/19115">dataset</MD_ScopeCode>
    </hierarchyLevel>
    <hierarchyLevelName>
        <gco:CharacterString>dataset</gco:CharacterString>
    </hierarchyLevelName>
    <contact gco:nilReason="missing"/>
    <dateStamp gco:nilReason="missing"/>
    <metadataStandardName>
        <gco:CharacterString>ISO 19139 Geographic Information - Metadata - Implementation Specification</gco:CharacterString>
    </metadataStandardName>
    <metadataStandardVersion>
        <gco:CharacterString>2007</gco:CharacterString>
    </metadataStandardVersion>
    <identificationInfo>
        <MD_DataIdentification>
            <citation gco:nilReason="missing"/>
            <abstract>
                <gco:CharacterString>This file contains the digital vector boundaries for Counties and Unitary Authorities in the United Kingdom, as at December 2019. The BFC boundaries are full resolution - clipped to the coastline (Mean High Water mark). Contains both Ordnance Survey and ONS Intellectual Property Rights.REST URL of ArcGIS for INSPIRE View Service – https://services1.arcgis.com/ESMARspQHYMw9BZ9/arcgis/rest/services/Counties_and_Unitary_Authorities_(December_2019)_FCB_UK/MapServerREST URL of ArcGIS for INSPIRE Feature DownloadService – https://dservices1.arcgis.com/ESMARspQHYMw9BZ9/arcgis/services/Counties_and_Unitary_Authorities_December_2019_Full_Clipped_Boundaries_UK/WFSServer?service=wfs&amp;request=getcapabilitiesREST URL of Feature Access Service – https://services1.arcgis.com/ESMARspQHYMw9BZ9/arcgis/rest/services/Counties_and_Unitary_Authorities_December_2019_FCB_UK_2022/FeatureServer</gco:CharacterString>
            </abstract>
            <purpose>
                <gco:CharacterString>Boundaries</gco:CharacterString>
            </purpose>
            <credit>
                <gco:CharacterString>Office for National Statistics</gco:CharacterString>
            </credit>
            <descriptiveKeywords>
                <MD_Keywords>
                    <keyword>
                        <gco:CharacterString>Boundaries</gco:CharacterString>
                    </keyword>
                    <keyword>
                        <gco:CharacterString>Counties and Unitary Authorities</gco:CharacterString>
                    </keyword>
                    <keyword>
                        <gco:CharacterString>CTYUA</gco:CharacterString>
                    </keyword>
                    <keyword>
                        <gco:CharacterString>2019</gco:CharacterString>
                    </keyword>
                    <keyword>
                        <gco:CharacterString>Administrative Boundaries</gco:CharacterString>
                    </keyword>
                    <keyword>
                        <gco:CharacterString>United Kingdom</gco:CharacterString>
                    </keyword>
                    <keyword>
                        <gco:CharacterString>WMS</gco:CharacterString>
                    </keyword>
                    <keyword>
                        <gco:CharacterString>BDY_ADM</gco:CharacterString>
                    </keyword>
                    <keyword>
                        <gco:CharacterString>BDY_CTYUA</gco:CharacterString>
                    </keyword>
                    <keyword>
                        <gco:CharacterString>DEC_2019</gco:CharacterString>
                    </keyword>
                </MD_Keywords>
            </descriptiveKeywords>
            <descriptiveKeywords>
                <MD_Keywords>
                    <keyword>
                        <gco:CharacterString>Boundaries</gco:CharacterString>
                    </keyword>
                    <keyword>
                        <gco:CharacterString>Counties and Unitary Authorities</gco:CharacterString>
                    </keyword>
                    <keyword>
                        <gco:CharacterString>CTYUA</gco:CharacterString>
                    </keyword>
                    <keyword>
                        <gco:CharacterString>2019</gco:CharacterString>
                    </keyword>
                    <keyword>
                        <gco:CharacterString>Administrative Boundaries</gco:CharacterString>
                    </keyword>
                    <keyword>
                        <gco:CharacterString>United Kingdom</gco:CharacterString>
                    </keyword>
                    <keyword>
                        <gco:CharacterString>WMS</gco:CharacterString>
                    </keyword>
                    <keyword>
                        <gco:CharacterString>BDY_ADM</gco:CharacterString>
                    </keyword>
                    <keyword>
                        <gco:CharacterString>BDY_CTYUA</gco:CharacterString>
                    </keyword>
                    <keyword>
                        <gco:CharacterString>DEC_2019</gco:CharacterString>
                    </keyword>
                </MD_Keywords>
            </descriptiveKeywords>
            <descriptiveKeywords>
                <MD_Keywords>
                    <keyword>
                        <gco:CharacterString>Boundaries</gco:CharacterString>
                    </keyword>
                    <keyword>
                        <gco:CharacterString>Counties and Unitary Authorities</gco:CharacterString>
                    </keyword>
                    <keyword>
                        <gco:CharacterString>CTYUA</gco:CharacterString>
                    </keyword>
                    <keyword>
                        <gco:CharacterString>2019</gco:CharacterString>
                    </keyword>
                    <keyword>
                        <gco:CharacterString>Administrative Boundaries</gco:CharacterString>
                    </keyword>
                    <keyword>
                        <gco:CharacterString>United Kingdom</gco:CharacterString>
                    </keyword>
                    <keyword>
                        <gco:CharacterString>WMS</gco:CharacterString>
                    </keyword>
                    <keyword>
                        <gco:CharacterString>BDY_ADM</gco:CharacterString>
                    </keyword>
                    <keyword>
                        <gco:CharacterString>BDY_CTYUA</gco:CharacterString>
                    </keyword>
                    <keyword>
                        <gco:CharacterString>DEC_2019</gco:CharacterString>
                    </keyword>
                </MD_Keywords>
            </descriptiveKeywords>
            <descriptiveKeywords>
                <MD_Keywords>
                    <keyword>
                        <gco:CharacterString>Boundaries</gco:CharacterString>
                    </keyword>
                    <keyword>
                        <gco:CharacterString>Counties and Unitary Authorities</gco:CharacterString>
                    </keyword>
                    <keyword>
                        <gco:CharacterString>CTYUA</gco:CharacterString>
                    </keyword>
                    <keyword>
                        <gco:CharacterString>2019</gco:CharacterString>
                    </keyword>
                    <keyword>
                        <gco:CharacterString>Administrative Boundaries</gco:CharacterString>
                    </keyword>
                    <keyword>
                        <gco:CharacterString>United Kingdom</gco:CharacterString>
                    </keyword>
                    <keyword>
                        <gco:CharacterString>WMS</gco:CharacterString>
                    </keyword>
                    <keyword>
                        <gco:CharacterString>BDY_ADM</gco:CharacterString>
                    </keyword>
                    <keyword>
                        <gco:CharacterString>BDY_CTYUA</gco:CharacterString>
                    </keyword>
                    <keyword>
                        <gco:CharacterString>DEC_2019</gco:CharacterString>
                    </keyword>
                </MD_Keywords>
            </descriptiveKeywords>
            <descriptiveKeywords>
                <MD_Keywords>
                    <keyword>
                        <gco:CharacterString>Boundaries</gco:CharacterString>
                    </keyword>
                    <keyword>
                        <gco:CharacterString>Counties and Unitary Authorities</gco:CharacterString>
                    </keyword>
                    <keyword>
                        <gco:CharacterString>CTYUA</gco:CharacterString>
                    </keyword>
                    <keyword>
                        <gco:CharacterString>2019</gco:CharacterString>
                    </keyword>
                    <keyword>
                        <gco:CharacterString>Administrative Boundaries</gco:CharacterString>
                    </keyword>
                    <keyword>
                        <gco:CharacterString>United Kingdom</gco:CharacterString>
                    </keyword>
                    <keyword>
                        <gco:CharacterString>WMS</gco:CharacterString>
                    </keyword>
                    <keyword>
                        <gco:CharacterString>BDY_ADM</gco:CharacterString>
                    </keyword>
                    <keyword>
                        <gco:CharacterString>BDY_CTYUA</gco:CharacterString>
                    </keyword>
                    <keyword>
                        <gco:CharacterString>DEC_2019</gco:CharacterString>
                    </keyword>
                </MD_Keywords>
            </descriptiveKeywords>
            <descriptiveKeywords>
                <MD_Keywords>
                    <keyword>
                        <gco:CharacterString>Boundaries</gco:CharacterString>
                    </keyword>
                    <keyword>
                        <gco:CharacterString>Counties and Unitary Authorities</gco:CharacterString>
                    </keyword>
                    <keyword>
                        <gco:CharacterString>CTYUA</gco:CharacterString>
                    </keyword>
                    <keyword>
                        <gco:CharacterString>2019</gco:CharacterString>
                    </keyword>
                    <keyword>
                        <gco:CharacterString>Administrative Boundaries</gco:CharacterString>
                    </keyword>
                    <keyword>
                        <gco:CharacterString>United Kingdom</gco:CharacterString>
                    </keyword>
                    <keyword>
                        <gco:CharacterString>WMS</gco:CharacterString>
                    </keyword>
                    <keyword>
                        <gco:CharacterString>BDY_ADM</gco:CharacterString>
                    </keyword>
                    <keyword>
                        <gco:CharacterString>BDY_CTYUA</gco:CharacterString>
                    </keyword>
                    <keyword>
                        <gco:CharacterString>DEC_2019</gco:CharacterString>
                    </keyword>
                </MD_Keywords>
            </descriptiveKeywords>
            <descriptiveKeywords>
                <MD_Keywords>
                    <keyword>
                        <gco:CharacterString>Boundaries</gco:CharacterString>
                    </keyword>
                    <keyword>
                        <gco:CharacterString>Counties and Unitary Authorities</gco:CharacterString>
                    </keyword>
                    <keyword>
                        <gco:CharacterString>CTYUA</gco:CharacterString>
                    </keyword>
                    <keyword>
                        <gco:CharacterString>2019</gco:CharacterString>
                    </keyword>
                    <keyword>
                        <gco:CharacterString>Administrative Boundaries</gco:CharacterString>
                    </keyword>
                    <keyword>
                        <gco:CharacterString>United Kingdom</gco:CharacterString>
                    </keyword>
                    <keyword>
                        <gco:CharacterString>WMS</gco:CharacterString>
                    </keyword>
                    <keyword>
                        <gco:CharacterString>BDY_ADM</gco:CharacterString>
                    </keyword>
                    <keyword>
                        <gco:CharacterString>BDY_CTYUA</gco:CharacterString>
                    </keyword>
                    <keyword>
                        <gco:CharacterString>DEC_2019</gco:CharacterString>
                    </keyword>
                </MD_Keywords>
            </descriptiveKeywords>
            <descriptiveKeywords>
                <MD_Keywords>
                    <keyword>
                        <gco:CharacterString>Boundaries</gco:CharacterString>
                    </keyword>
                    <keyword>
                        <gco:CharacterString>Counties and Unitary Authorities</gco:CharacterString>
                    </keyword>
                    <keyword>
                        <gco:CharacterString>CTYUA</gco:CharacterString>
                    </keyword>
                    <keyword>
                        <gco:CharacterString>2019</gco:CharacterString>
                    </keyword>
                    <keyword>
                        <gco:CharacterString>Administrative Boundaries</gco:CharacterString>
                    </keyword>
                    <keyword>
                        <gco:CharacterString>United Kingdom</gco:CharacterString>
                    </keyword>
                    <keyword>
                        <gco:CharacterString>WMS</gco:CharacterString>
                    </keyword>
                    <keyword>
                        <gco:CharacterString>BDY_ADM</gco:CharacterString>
                    </keyword>
                    <keyword>
                        <gco:CharacterString>BDY_CTYUA</gco:CharacterString>
                    </keyword>
                    <keyword>
                        <gco:CharacterString>DEC_2019</gco:CharacterString>
                    </keyword>
                </MD_Keywords>
            </descriptiveKeywords>
            <descriptiveKeywords>
                <MD_Keywords>
                    <keyword>
                        <gco:CharacterString>Boundaries</gco:CharacterString>
                    </keyword>
                    <keyword>
                        <gco:CharacterString>Counties and Unitary Authorities</gco:CharacterString>
                    </keyword>
                    <keyword>
                        <gco:CharacterString>CTYUA</gco:CharacterString>
                    </keyword>
                    <keyword>
                        <gco:CharacterString>2019</gco:CharacterString>
                    </keyword>
                    <keyword>
                        <gco:CharacterString>Administrative Boundaries</gco:CharacterString>
                    </keyword>
                    <keyword>
                        <gco:CharacterString>United Kingdom</gco:CharacterString>
                    </keyword>
                    <keyword>
                        <gco:CharacterString>WMS</gco:CharacterString>
                    </keyword>
                    <keyword>
                        <gco:CharacterString>BDY_ADM</gco:CharacterString>
                    </keyword>
                    <keyword>
                        <gco:CharacterString>BDY_CTYUA</gco:CharacterString>
                    </keyword>
                    <keyword>
                        <gco:CharacterString>DEC_2019</gco:CharacterString>
                    </keyword>
                </MD_Keywords>
            </descriptiveKeywords>
            <descriptiveKeywords>
                <MD_Keywords>
                    <keyword>
                        <gco:CharacterString>Boundaries</gco:CharacterString>
                    </keyword>
                    <keyword>
                        <gco:CharacterString>Counties and Unitary Authorities</gco:CharacterString>
                    </keyword>
                    <keyword>
                        <gco:CharacterString>CTYUA</gco:CharacterString>
                    </keyword>
                    <keyword>
                        <gco:CharacterString>2019</gco:CharacterString>
                    </keyword>
                    <keyword>
                        <gco:CharacterString>Administrative Boundaries</gco:CharacterString>
                    </keyword>
                    <keyword>
                        <gco:CharacterString>United Kingdom</gco:CharacterString>
                    </keyword>
                    <keyword>
                        <gco:CharacterString>WMS</gco:CharacterString>
                    </keyword>
                    <keyword>
                        <gco:CharacterString>BDY_ADM</gco:CharacterString>
                    </keyword>
                    <keyword>
                        <gco:CharacterString>BDY_CTYUA</gco:CharacterString>
                    </keyword>
                    <keyword>
                        <gco:CharacterString>DEC_2019</gco:CharacterString>
                    </keyword>
                </MD_Keywords>
            </descriptiveKeywords>
            <resourceConstraints>
                <MD_Constraints>
                    <useLimitation>
                        <gco:CharacterString>https://www.ons.gov.uk/methodology/geography/licences</gco:CharacterString>
                    </useLimitation>
                </MD_Constraints>
            </resourceConstraints>
            <language gco:nilReason="missing"/>
            <characterSet>
                <MD_CharacterSetCode codeList="http://www.isotc211.org/2005/resources/Codelist/gmxCodelists.xml#MD_CharacterSetCode" codeListValue="utf8" codeSpace="ISOTC211/19115">utf8</MD_CharacterSetCode>
            </characterSet>
        </MD_DataIdentification>
    </identificationInfo>
</MD_Metadata>
